[
  {
    "ParameterKey": "EnvironmentName",
    "ParameterValue": "landing-zone"
  },
  {
    "ParameterKey": "VpcCIDR",
    "ParameterValue": "10.0.0.0/16"
  },
  {
    "ParameterKey": "PublicSubnet1CIDR",
    "ParameterValue": "10.0.1.0/24"
  },
  {
    "ParameterKey": "PublicSubnet2CIDR",
    "ParameterValue": "10.0.2.0/24"
  },
  {
    "ParameterKey": "PrivateSubnet1CIDR",
    "ParameterValue": "10.0.10.0/24"
  },
  {
    "ParameterKey": "PrivateSubnet2CIDR",
    "ParameterValue": "10.0.11.0/24"
  },
  {
    "ParameterKey": "TransitGatewayASN",
    "ParameterValue": "64512"
  },
  {
    "ParameterKey": "EnableDnsSupport",
    "ParameterValue": "enable"
  },
  {
    "ParameterKey": "EnableVpnEcmpSupport",
    "ParameterValue": "enable"
  }
]
